{"test_acc_mean":0.6729400157928467,"_runtime":105,"test_loss_max":-0.8537973165512085,"_timestamp":1.7744754979257376e+09,"_step":58,"train_loss_max":-0.7375988960266113,"train_loss_mean":-1.0102357864379883,"_wandb":{"runtime":105},"test_acc_max":0.7260000109672546,"train_acc_mean":0.6949999928474426,"train_acc_max":0.8125,"test_loss_mean":-0.9983139634132385}