{"train_loss_max":-0.5017242431640625,"test_acc_max":0.8270000219345093,"train_loss_mean":-0.5430053472518921,"test_loss_mean":-0.6063672304153442,"_wandb":{"runtime":169},"_runtime":169,"test_loss_max":-0.5929397344589233,"_step":104,"train_acc_max":0.890625,"test_acc_mean":0.8140499591827393,"train_acc_mean":0.8493750095367432,"_timestamp":1.774475699843291e+09}